{"cameraMode":{"drawMode":0,"name":"Shaded","section":"Shading Mode"},"sceneLighting":true,"audioPlay":true,"sceneViewState":{"m_AlwaysRefresh":false,"showFog":true,"showSkybox":true,"showFlares":true,"showImageEffects":true,"showParticleSystems":true,"showVisualEffectGraphs":true,"m_FxEnabled":true},"in2DMode":false,"pivot":{"x":1.0899674892425538,"y":0.8777837753295898,"z":-0.4123973846435547},"rotation":{"x":0.27097228169441225,"y":0.08074091374874115,"z":-0.02281680330634117,"w":0.9589284062385559},"size":5.039526462554932,"orthographic":true}